{
    "memspec": {
        "memarchitecturespec": {
            "burstLength": 4,
            "dataRate": 2,
            "nbrOfBanks": 8,
            "nbrOfColumns": 512,
            "nbrOfRanks": 1,
            "nbrOfRows": 8192,
            "width": 64,
            "nbrOfDevices": 1,
            "nbrOfChannels": 4
        },
        "memoryId": "JEDEC_4x64_2Gb_WIDEIO2-533_64bit",
        "memoryType": "WIDEIO2",
        "memtimingspec": {
            "CCD": 2,
            "CKE": 3,
            "CKESR": 8,
            "FAW": 32,
            "RAS": 23,
            "RCAB": 34,
            "RCD": 10,
            "RCPB": 32,
            "REFI": 2080,
            "REFIPB": 260,
            "REFM": 1,
            "RFCAB": 96,
            "RFCPB": 48,
            "RL": 9,
            "RPAB": 12,
            "RPPB": 10,
            "RRD": 6,
            "RTP": 4,
            "WL": 7,
            "WR": 11,
            "WTR": 6,
            "XP": 4,
            "XSR": 102,
            "RTRS": 1,
            "clkMhz": 533
        }
    }
}
