{
    "memspec": {
        "memarchitecturespec": {
            "burstLength": 4,
            "dataRate": 1,
            "nbrOfBanks": 4,
            "nbrOfColumns": 128,
            "nbrOfRanks": 1,
            "nbrOfRows": 4096,
            "width": 128,
            "nbrOfDevices": 1,
            "nbrOfChannels": 4
        },
        "memoryId": "JEDEC_256Mb_WIDEIO_SDR-266_128bit",
        "memoryType": "WIDEIO_SDR",
        "mempowerspec": {
            "idd0": 6.06,
            "idd02": 21.82,
            "idd2n": 0.16,
            "idd2n2": 4.76,
            "idd2p0": 0.05,
            "idd2p02": 0.17,
            "idd2p1": 0.05,
            "idd2p12": 0.17,
            "idd3n": 0.58,
            "idd3n2": 7.24,
            "idd3p0": 0.25,
            "idd3p02": 1.49,
            "idd3p1": 0.25,
            "idd3p12": 1.49,
            "idd4r": 1.82,
            "idd4r2": 111.22,
            "idd4w": 1.82,
            "idd4w2": 78.0,
            "idd5": 14.48,
            "idd52": 48.34,
            "idd6": 0.07,
            "idd62": 0.27,
            "vdd": 1.8,
            "vdd2": 1.2
        },
        "memtimingspec": {
            "AC": 1,
            "CCD_R": 2,
            "CCD_W": 1,
            "CKE": 3,
            "CKESR": 4,
            "DQSCK": 1,
            "RAS": 12,
            "RC": 16,
            "RCD": 5,
            "REFI": 4160,
            "RFC": 24,
            "RL": 3,
            "RP": 5,
            "RRD": 3,
            "TAW": 14,
            "WL": 1,
            "WR": 4,
            "WTR": 4,
            "XP": 3,
            "XSR": 27,
            "RTRS": 1,
            "clkMhz": 266
        }
    }
}
