{
    "memspec": {
        "memarchitecturespec": {
            "burstLength": 8,
            "dataRate": 2,
            "nbrOfBanks": 8,
            "nbrOfColumns": 1024,
            "nbrOfRanks": 1,
            "nbrOfRows": 16384,
            "width": 8,
       	    "nbrOfDevices": 8,
            "nbrOfChannels": 1
        },
        "memoryId": "MICRON_1Gb_DDR3-1066_8bit_G_2s",
        "memoryType": "DDR3",
        "mempowerspec": {
            "idd0": 56.18,
            "idd2n": 30.95,
            "idd2p0": 9.07,
            "idd2p1": 18.9,
            "idd3n": 34.67,
            "idd3p0": 26.0,
            "idd3p1": 26.0,
            "idd4r": 96.88,
            "idd4w": 102.0,
            "idd5": 150.64,
            "idd6": 6.02,
            "vdd": 1.5
        },
        "memtimingspec": {
            "AL": 0,
            "CCD": 4,
            "CKE": 3,
            "CKESR": 4,
            "CL": 7,
            "DQSCK": 0,
            "FAW": 20,
            "RAS": 20,
            "RC": 27,
            "RCD": 7,
            "REFI": 4160,
            "RFC": 59,
            "RL": 7,
            "RP": 7,
            "RRD": 4,
            "RTP": 4,
            "WL": 6,
            "WR": 8,
            "WTR": 4,
            "XP": 4,
            "XPDLL": 13,
            "XS": 64,
            "XSDLL": 512,
            "ACTPDEN": 1,
            "PRPDEN": 1,
            "REFPDEN": 1,
            "RTRS": 1,
            "clkMhz": 533
        }
    }
}
