{
    "memspec": {
        "memarchitecturespec": {
            "burstLength": 8,
            "dataRate": 2,
            "nbrOfBankGroups": 4,
            "nbrOfBanks": 16,
            "nbrOfColumns": 1024,
            "nbrOfRanks": 1,
            "nbrOfRows": 32768,
            "width": 8,
            "nbrOfDevices": 8,
            "nbrOfChannels": 1
        },
        "memoryId": "MICRON_4Gb_DDR4-1866_8bit_A",
        "memoryType": "DDR4",
        "mempowerspec": {
            "idd0": 56.25,
            "idd02": 4.05,
            "idd2n": 33.75,
            "idd2p0": 17.0,
            "idd2p1": 17.0,
            "idd3n": 39.5,
            "idd3p0": 22.5,
            "idd3p1": 22.5,
            "idd4r": 157.5,
            "idd4w": 135.0,
            "idd5": 118.0,
            "idd6": 20.25,
            "idd62": 2.6,
            "vdd": 1.2,
            "vdd2": 2.5
        },
        "memtimingspec": {
            "AL": 0,
            "CCD_L": 5,
            "CCD_S": 4,
            "CKE": 6,
            "CKESR": 7,
            "CL": 13,
            "DQSCK": 2,
            "FAW": 22,
            "RAS": 32,
            "RC": 45,
            "RCD": 13,
            "REFM": 1,
            "REFI": 3644,
            "RFC": 243,
            "RL": 13,
            "RPRE": 1,
            "RP": 13,
            "RRD_L": 5,
            "RRD_S": 4,
            "RTP": 8,
            "WL": 12,
            "WPRE": 1,
            "WR": 14,
            "WTR_L": 7,
            "WTR_S": 3,
            "XP": 8,
            "XPDLL": 255,
            "XS": 252,
            "XSDLL": 512,
            "ACTPDEN": 1,
            "PRPDEN": 1,
            "REFPDEN": 1,
            "RTRS": 1,
            "clkMhz": 933
        }
    }
}
