{
    "memspec": {
        "memarchitecturespec": {
            "burstLength": 8,
            "dataRate": 2,
            "nbrOfBanks": 8,
            "nbrOfColumns": 1024,
            "nbrOfRanks": 2,
            "nbrOfRows": 16384,
            "width": 64,
       	    "nbrOfDevices": 1,
            "nbrOfChannels": 1
        },
        "memoryId": "MICRON_2GB_DDR3-1066_64bit_D_SODIMM",
        "memoryType": "DDR3",
        "mempowerspec": {
            "idd0": 720.0,
            "idd2n": 400.0,
            "idd2p0": 80.0,
            "idd2p1": 200.0,
            "idd3n": 440.0,
            "idd3p0": 240.0,
            "idd3p1": 240.0,
            "idd4r": 1200.0,
            "idd4w": 1200.0,
            "idd5": 1760.0,
            "idd6": 48.0,
            "vdd": 1.5
        },
        "memtimingspec": {
            "AL": 0,
            "CCD": 4,
            "CKE": 3,
            "CKESR": 4,
            "CL": 7,
            "DQSCK": 0,
            "FAW": 20,
            "RAS": 20,
            "RC": 27,
            "RCD": 7,
            "REFI": 4160,
            "RFC": 59,
            "RL": 7,
            "RP": 7,
            "RRD": 4,
            "RTP": 4,
            "WL": 6,
            "WR": 8,
            "WTR": 4,
            "XP": 4,
            "XPDLL": 13,
            "XS": 64,
            "XSDLL": 512,
            "ACTPDEN": 1,
            "PRPDEN": 1,
            "REFPDEN": 1,
            "RTRS": 1,
            "clkMhz": 533
        }
    }
}
