{
    "memspec": {
        "memarchitecturespec": {
            "burstLength": 8,
            "dataRate": 2,
            "nbrOfBanks": 8,
            "nbrOfColumns": 1024,
            "nbrOfRanks": 1,
            "nbrOfRows": 16384,
            "width": 16,
            "nbrOfDevices": 1,
            "nbrOfChannels": 1
        },
        "memoryId": "MICRON_2Gb_LPDDR2-800-S4_16bit_A",
        "memoryType": "LPDDR2",
        "mempowerspec": {
            "idd0": 20.0,
            "idd02": 56.0,
            "idd2n": 1.7,
            "idd2n2": 21.0,
            "idd2p0": 0.5,
            "idd2p02": 1.7,
            "idd2p1": 0.5,
            "idd2p12": 1.7,
            "idd3n": 1.2,
            "idd3n2": 29.0,
            "idd3p0": 1.2,
            "idd3p02": 4.12,
            "idd3p1": 1.2,
            "idd3p12": 4.12,
            "idd4r": 5.0,
            "idd4r2": 216.0,
            "idd4w": 10.0,
            "idd4w2": 203.0,
            "idd5": 15.0,
            "idd52": 136.0,
            "idd6": 1.2,
            "idd62": 2.6,
            "vdd": 1.8,
            "vdd2": 1.2
        },
        "memtimingspec": {
            "AL": 0,
            "CCD": 4,
            "CKE": 3,
            "CKESR": 6,
            "CL": 6,
            "DQSCK": 1,
            "FAW": 20,
            "RAS": 17,
            "RC": 24,
            "RCD": 8,
            "REFI": 1560,
            "RFC": 52,
            "RL": 6,
            "RP": 8,
            "RRD": 4,
            "RTP": 3,
            "WL": 3,
            "WR": 6,
            "WTR": 3,
            "XP": 3,
            "XPDLL": 3,
            "XS": 56,
            "XSDLL": 56,
            "clkMhz": 400
        }
    }
}
