{
    "memspec": {
        "memarchitecturespec": {
            "burstLength": 16,
            "dataRate": 2,
            "nbrOfBanks": 8,
            "nbrOfColumns": 1024,
            "nbrOfRanks": 1,
            "nbrOfRows": 49152,
            "width": 16,
            "nbrOfDevices": 1,
            "nbrOfChannels": 1
        },
        "memoryId": "MICRON_6Gb_LPDDR3-3200_16bit_A",
        "memoryType": "LPDDR4",
        "mempowerspec": {
            "idd0": 3.5,
            "idd02": 45.0,
            "idd0ql": 0.75,
            "idd2n": 2.0,
            "idd2n2": 27.0,
            "idd2nQ": 0.75,
            "idd2ns": 2.0,
            "idd2ns2": 23.0,
            "idd2nsq": 0.75,
            "idd2p": 1.2,
            "idd2p2": 3.0,
            "idd2pQ": 0.75,
            "idd2ps": 1.2,
            "idd2ps2": 3.0,
            "idd2psq": 0.75,
            "idd3n": 2.25,
            "idd3n2": 30.0,
            "idd3nQ": 0.75,
            "idd3ns": 2.25,
            "idd3ns2": 30.0,
            "idd3nsq": 0.75,
            "idd3p": 1.2,
            "idd3p2": 9.0,
            "idd3pQ": 0.75,
            "idd3ps": 1.2,
            "idd3ps2": 9.0,
            "idd3psq": 0.75,
            "idd4r": 2.25,
            "idd4r2": 275.0,
            "idd4rq": 150.0,
            "idd4w": 2.25,
            "idd4w2": 210.0,
            "idd4wq": 55.0,
            "idd5": 10.0,
            "idd52": 90.0,
            "idd5ab": 2.5,
            "idd5ab2": 30.0,
            "idd5abq": 0.75,
            "idd5b": 2.5,
            "idd5b2": 30.0,
            "idd5bq": 0.75,
            "idd5q": 0.75,
            "idd6": 0.3,
            "idd62": 0.5,
            "idd6q": 0.1,
            "vdd": 1.8,
            "vdd2": 1.1,
            "vddq": 1.1
        },
        "memtimingspec": {
            "AL": 0,
            "CCD": 8,
            "CCDMW": 32,
            "CKE": 12,
            "CKESR": 24,
            "CL": 12,
            "DQSCK": 3,
            "ESCKE": 24,
            "FAW": 64,
            "PPD": 4,
            "RAS": 68,
            "RC": 97,
            "RCD": 29,
            "REFIAB": 6246,
            "REFIPB": 780,
            "RFCAB": 448,
            "RFCPB": 224,
            "RL": 28,
            "RPAB": 34,
            "RPPB": 29,
            "RRD": 16,
            "RTP": 12,
            "WL": 14,
            "WR": 29,
            "WTR": 16,
            "XP": 12,
            "XS": 458,
            "clkMhz": 1600
        }
    }
}
