{
    "memspec": {
        "memarchitecturespec": {
            "burstLength": 8,
            "dataRate": 2,
            "nbrOfBanks": 8,
            "nbrOfColumns": 1024,
            "nbrOfRanks": 1,
            "nbrOfRows": 8192,
            "width": 16,
            "nbrOfChannels": 1,
            "nbrOfDevices": 1,
        },
        "memoryId": "SAMSUNG_K4B1G1646E_1Gb_DDR3-1600_16bit",
        "memoryType": "DDR3",
        "mempowerspec": {
            "idd0": 75.0,
            "idd2n": 40.0,
            "idd2p0": 10.0,
            "idd2p1": 25.0,
            "idd3n": 55.0,
            "idd3p0": 40.0,
            "idd3p1": 40.0,
            "idd4r": 180.0,
            "idd4w": 190.0,
            "idd5": 170.0,
            "idd6": 10.0,
            "vdd": 1.5
        },
        "memtimingspec": {
            "AL": 0,
            "CCD": 4,
            "CKE": 4,
            "CKESR": 5,
            "CL": 11,
            "DQSCK": 0,
            "FAW": 32,
            "RAS": 28,
            "RC": 39,
            "RCD": 11,
            "REFI": 6240,
            "RFC": 88,
            "RL": 11,
            "RP": 11,
            "RRD": 6,
            "RTP": 6,
            "WL": 8,
            "WR": 12,
            "WTR": 6,
            "XP": 5,
            "XPDLL": 20,
            "XS": 96,
            "XSDLL": 512,
            "ACTPDEN": 1,
            "PRPDEN": 1,
            "REFPDEN": 1,
            "RTRS": 1,
            "clkMhz": 800
        }
    }
}
