{
    "addressmapping": {
        "RANK_BIT":[
            30,
            31
        ],
        "BANK_BIT": [
            27,
            28,
            29
        ],
        "BYTE_BIT": [
            0,
            1,
            2
        ],
        "COLUMN_BIT": [
            3,
            4,
            5,
            6,
            7,
            8,
            9,
            10,
            11,
            12
        ],
        "ROW_BIT": [
            13,
            14,
            15,
            16,
            17,
            18,
            19,
            20,
            21,
            22,
            23,
            24,
            25,
            26
        ]
    }
}