{
    "addressmapping": {
        "BANK_BIT": [
            27,
            28
        ],
        "BYTE_BIT": [
            0,
            1,
            2,
            3
        ],
        "CHANNEL_BIT": [
            29,
            30
        ],
        "COLUMN_BIT": [
            4,
            5,
            6,
            7,
            8,
            9,
            10,
            11
        ],
        "ROW_BIT": [
            12,
            13,
            14,
            15,
            16,
            17,
            18,
            19,
            20,
            21,
            22,
            23,
            24,
            25,
            26
        ]
    }
}