{
    "addressmapping": {
        "BANK_BIT": [
            11,
            12
        ],
        "BYTE_BIT": [
            0,
            1,
            2,
            3
        ],
        "CHANNEL_BIT": [
            28,
            29
        ],
        "COLUMN_BIT": [
            4,
            5,
            6,
            7,
            8,
            9,
            10
        ],
        "ROW_BIT": [
            13,
            14,
            15,
            16,
            17,
            18,
            19,
            20,
            21,
            22,
            23,
            24,
            25,
            26,
            27
        ]
    }
}